[ {
  "id" : "c50dd4d1-5e76-11e8-a87d-dbbf1cc2492b",
  "name" : "Location",
  "createdDate" : 1527072483997,
  "workspace" : "f64bfc90-5e5b-11e8-9a75-776d8b751f49",
  "properties" : {
    "language" : "EN"
  },
  "posCodes" : [ {
    "id" : "1",
    "name" : "Pronoun",
    "createdDate" : 0
  }, {
    "id" : "2",
    "name" : "Verb",
    "createdDate" : 0
  }, {
    "id" : "3",
    "name" : "Noun",
    "createdDate" : 0
  }, {
    "id" : "4",
    "name" : "Adjective",
    "createdDate" : 0
  }, {
    "id" : "5",
    "name" : "Adverb",
    "createdDate" : 0
  }, {
    "id" : "6",
    "name" : "Adposition",
    "createdDate" : 0
  }, {
    "id" : "7",
    "name" : "Interjection",
    "createdDate" : 0
  }, {
    "id" : "8",
    "name" : "Conjunction",
    "createdDate" : 0
  }, {
    "id" : "9",
    "name" : "Determiner",
    "createdDate" : 0
  }, {
    "id" : "10",
    "name" : "Quantifier",
    "createdDate" : 0
  }, {
    "id" : "0",
    "name" : "Unknown",
    "createdDate" : 0
  } ],
  "numItems" : 9
} ]