[ {
  "id" : "2e62fe90-5e7e-11e8-9642-452f768f61cb-0",
  "name" : "doc5.txt",
  "createdDate" : 0,
  "text" : "I want to travel from Bangalore to Mumbai.",
  "status" : "SUBMITTED",
  "modifiedDate" : 1527075765306
}, {
  "id" : "2e62fe90-5e7e-11e8-9642-452f768f61cb-1",
  "name" : "doc6.txt",
  "createdDate" : 0,
  "text" : "I want to travel to Chennai from Delhi.",
  "status" : "SUBMITTED",
  "modifiedDate" : 1527075765306
}, {
  "id" : "3aa9fa90-5e6b-11e8-8d89-833c320587c0-0",
  "name" : "doc1.txt",
  "createdDate" : 0,
  "text" : "I am planning trip from Bangalore-Delhi in 2013 March end.",
  "status" : "SUBMITTED",
  "modifiedDate" : 1527067652038
}, {
  "id" : "3aa9fa90-5e6b-11e8-8d89-833c320587c0-1",
  "name" : "doc2.txt",
  "createdDate" : 0,
  "text" : "I am planning trip from Bangalore-Pune-Mumbai-Ahmedabad-Udaipur-Jaipur-Delhi route.",
  "status" : "SUBMITTED",
  "modifiedDate" : 1527067668952
}, {
  "id" : "3aa9fa90-5e6b-11e8-8d89-833c320587c0-2",
  "name" : "doc3.txt",
  "createdDate" : 0,
  "text" : "I am planning trip from Bangalore- Mangalore - Udupi - Gokarna - Karwar - Goa - Tarkarli - Kolhapur- Pune - Mumbai- Ahemedabad - Udaipur - Jaipur - Delhi",
  "status" : "SUBMITTED",
  "modifiedDate" : 1527067682204
}, {
  "id" : "3aa9fa90-5e6b-11e8-8d89-833c320587c0-3",
  "name" : "doc4.txt",
  "createdDate" : 0,
  "text" : "I am planning trip from Bangalore to Delhi.",
  "status" : "SUBMITTED",
  "modifiedDate" : 1527067754484
}, {
  "id" : "3aa9fa90-5e6b-11e8-8d89-833c320587c0-4",
  "name" : "doc5.txt",
  "createdDate" : 0,
  "text" : "I want to travel from Bangalore to Mumbai.",
  "status" : "SUBMITTED",
  "modifiedDate" : 1527067743137
}, {
  "id" : "3aa9fa90-5e6b-11e8-8d89-833c320587c0-5",
  "name" : "doc6.txt",
  "createdDate" : 0,
  "text" : "I want to travel to Bangalore from Delhi.",
  "status" : "SUBMITTED",
  "modifiedDate" : 1527067730321
}, {
  "id" : "3aa9fa90-5e6b-11e8-8d89-833c320587c0-6",
  "name" : "doc7.txt",
  "createdDate" : 0,
  "text" : "I want to travel to Bangalore from Mumbai.",
  "status" : "SUBMITTED",
  "modifiedDate" : 1527067715106
}, {
  "id" : "3aa9fa90-5e6b-11e8-8d89-833c320587c0-7",
  "name" : "doc8.txt",
  "createdDate" : 0,
  "text" : "I want to travel to Bangalore from Mumbai via Hubli.",
  "status" : "SUBMITTED",
  "modifiedDate" : 1527067700695
}, {
  "id" : "693dbb20-6498-11e8-9b93-77d5c7678fc1-0",
  "name" : "doc9.txt",
  "createdDate" : 0,
  "text" : "I want to travel from Chennai to Hyderabad.",
  "status" : "READY",
  "modifiedDate" : 1527748709354
}, {
  "id" : "693dbb20-6498-11e8-9b93-77d5c7678fc1-1",
  "name" : "doc10.txt",
  "createdDate" : 0,
  "text" : "I want to travel to Hyderabad from Chennai.",
  "status" : "READY",
  "modifiedDate" : 1527748709354
}, {
  "id" : "6f6c12c0-5e6d-11e8-abd9-35a9762260d7-0",
  "name" : "doc9.txt",
  "createdDate" : 0,
  "text" : "I want to travel from Bangalore to Hyderbad.",
  "status" : "READY",
  "modifiedDate" : 1527746377660
}, {
  "id" : "6f6c12c0-5e6d-11e8-abd9-35a9762260d7-1",
  "name" : "doc10.txt",
  "createdDate" : 0,
  "text" : "I want to travel to Bangalore from Chennai.",
  "status" : "READY",
  "modifiedDate" : 1527746377660
}, {
  "id" : "b0594ca0-5e7f-11e8-a10d-2f796ebff6dd-0",
  "name" : "doc1.txt",
  "createdDate" : 0,
  "text" : "I am planning trip from Agra-Delhi in 2013 March end.",
  "status" : "SUBMITTED",
  "modifiedDate" : 1527745276433
}, {
  "id" : "b0594ca0-5e7f-11e8-a10d-2f796ebff6dd-1",
  "name" : "doc2.txt",
  "createdDate" : 0,
  "text" : "I am planning trip from Bangalore-Pune-Mumbai-Ahmedabad-Udaipur-Jaipur-Delhi route.",
  "status" : "SUBMITTED",
  "modifiedDate" : 1527745295766
}, {
  "id" : "b0594ca0-5e7f-11e8-a10d-2f796ebff6dd-2",
  "name" : "doc3.txt",
  "createdDate" : 0,
  "text" : "I am planning trip from Bangalore- Mangalore - Udupi - Gokarna - Karwar - Goa - Tarkarli - Kolhapur- Pune - Mumbai- Ahemedabad - Udaipur - Jaipur - Delhi",
  "status" : "SUBMITTED",
  "modifiedDate" : 1527745320538
}, {
  "id" : "b0594ca0-5e7f-11e8-a10d-2f796ebff6dd-3",
  "name" : "doc4.txt",
  "createdDate" : 0,
  "text" : "I am planning trip from Bangalore to Delhi.",
  "status" : "SUBMITTED",
  "modifiedDate" : 1527745342219
}, {
  "id" : "b0594ca0-5e7f-11e8-a10d-2f796ebff6dd-4",
  "name" : "doc5.txt",
  "createdDate" : 0,
  "text" : "I want to travel from Bangalore to Mumbai.",
  "status" : "SUBMITTED",
  "modifiedDate" : 1527745363064
}, {
  "id" : "b0594ca0-5e7f-11e8-a10d-2f796ebff6dd-5",
  "name" : "doc6.txt",
  "createdDate" : 0,
  "text" : "I want to travel to Chennai from Delhi.",
  "status" : "SUBMITTED",
  "modifiedDate" : 1527745390227
}, {
  "id" : "b0594ca0-5e7f-11e8-a10d-2f796ebff6dd-6",
  "name" : "doc7.txt",
  "createdDate" : 0,
  "text" : "I want to travel to Hubli from Mumbai.",
  "status" : "SUBMITTED",
  "modifiedDate" : 1527745412691
}, {
  "id" : "b0594ca0-5e7f-11e8-a10d-2f796ebff6dd-7",
  "name" : "doc8.txt",
  "createdDate" : 0,
  "text" : "I want to travel to Mysore from Mumbai via Hubli.",
  "status" : "SUBMITTED",
  "modifiedDate" : 1527745436023
} ]