{
  "id" : "2e62fe90-5e7e-11e8-9642-452f768f61cb-1",
  "name" : "doc6.txt",
  "createdDate" : 0,
  "version" : 3,
  "text" : "I want to travel to Chennai from Delhi.",
  "docLength" : 0,
  "language" : "EN",
  "status" : "SUBMITTED",
  "modifiedDate" : 1527075765306,
  "documentSet" : [ ],
  "preannotation" : [ "PRE_RULE" ],
  "sentences" : [ {
    "id" : "s0",
    "begin" : 0,
    "end" : 39,
    "text" : "I want to travel to Chennai from Delhi.",
    "tokens" : [ {
      "id" : "s0-t0",
      "begin" : 0,
      "end" : 1,
      "text" : "I",
      "whiteSpace" : false
    }, {
      "id" : "s0-t1",
      "begin" : 2,
      "end" : 6,
      "text" : "want",
      "whiteSpace" : false
    }, {
      "id" : "s0-t2",
      "begin" : 7,
      "end" : 9,
      "text" : "to",
      "whiteSpace" : false
    }, {
      "id" : "s0-t3",
      "begin" : 10,
      "end" : 16,
      "text" : "travel",
      "whiteSpace" : false
    }, {
      "id" : "s0-t4",
      "begin" : 17,
      "end" : 19,
      "text" : "to",
      "whiteSpace" : false
    }, {
      "id" : "s0-t5",
      "begin" : 20,
      "end" : 27,
      "text" : "Chennai",
      "whiteSpace" : false
    }, {
      "id" : "s0-t6",
      "begin" : 28,
      "end" : 32,
      "text" : "from",
      "whiteSpace" : false
    }, {
      "id" : "s0-t7",
      "begin" : 33,
      "end" : 38,
      "text" : "Delhi",
      "whiteSpace" : false
    }, {
      "id" : "s0-t8",
      "begin" : 38,
      "end" : 39,
      "text" : ".",
      "whiteSpace" : false
    } ]
  } ],
  "mentions" : [ {
    "id" : "rulepre_1",
    "source" : "PREANNOTATION",
    "properties" : {
      "SIRE_MENTION_ROLE" : "Destination",
      "SIRE_ENTITY_SUBTYPE" : "NONE",
      "SIRE_MENTION_TYPE" : "NONE",
      "SIRE_MENTION_CLASS" : "SPC"
    },
    "type" : "Destination",
    "begin" : 17,
    "end" : 27,
    "inCoref" : false
  }, {
    "id" : "rulepre_0",
    "source" : "PREANNOTATION",
    "properties" : {
      "SIRE_MENTION_ROLE" : "Source",
      "SIRE_ENTITY_SUBTYPE" : "NONE",
      "SIRE_MENTION_TYPE" : "NONE",
      "SIRE_MENTION_CLASS" : "SPC"
    },
    "type" : "Source",
    "begin" : 28,
    "end" : 38,
    "inCoref" : false
  } ],
  "relations" : [ ],
  "corefs" : [ ],
  "typeResolved" : true,
  "userResolved" : false
}