{
  "id" : "3aa9fa90-5e6b-11e8-8d89-833c320587c0-1",
  "name" : "doc2.txt",
  "createdDate" : 0,
  "version" : 3,
  "text" : "I am planning trip from Bangalore-Pune-Mumbai-Ahmedabad-Udaipur-Jaipur-Delhi route.",
  "docLength" : 0,
  "language" : "EN",
  "status" : "SUBMITTED",
  "modifiedDate" : 1527067668952,
  "documentSet" : [ ],
  "preannotation" : [ ],
  "sentences" : [ {
    "id" : "s0",
    "begin" : 0,
    "end" : 83,
    "text" : "I am planning trip from Bangalore-Pune-Mumbai-Ahmedabad-Udaipur-Jaipur-Delhi route.",
    "tokens" : [ {
      "id" : "s0-t0",
      "begin" : 0,
      "end" : 1,
      "text" : "I",
      "whiteSpace" : false
    }, {
      "id" : "s0-t1",
      "begin" : 2,
      "end" : 4,
      "text" : "am",
      "whiteSpace" : false
    }, {
      "id" : "s0-t2",
      "begin" : 5,
      "end" : 13,
      "text" : "planning",
      "whiteSpace" : false
    }, {
      "id" : "s0-t3",
      "begin" : 14,
      "end" : 18,
      "text" : "trip",
      "whiteSpace" : false
    }, {
      "id" : "s0-t4",
      "begin" : 19,
      "end" : 23,
      "text" : "from",
      "whiteSpace" : false
    }, {
      "id" : "s0-t5",
      "begin" : 24,
      "end" : 33,
      "text" : "Bangalore",
      "whiteSpace" : false
    }, {
      "id" : "s0-t6",
      "begin" : 33,
      "end" : 34,
      "text" : "-",
      "whiteSpace" : false
    }, {
      "id" : "s0-t7",
      "begin" : 34,
      "end" : 38,
      "text" : "Pune",
      "whiteSpace" : false
    }, {
      "id" : "s0-t8",
      "begin" : 38,
      "end" : 39,
      "text" : "-",
      "whiteSpace" : false
    }, {
      "id" : "s0-t9",
      "begin" : 39,
      "end" : 45,
      "text" : "Mumbai",
      "whiteSpace" : false
    }, {
      "id" : "s0-t10",
      "begin" : 45,
      "end" : 46,
      "text" : "-",
      "whiteSpace" : false
    }, {
      "id" : "s0-t11",
      "begin" : 46,
      "end" : 55,
      "text" : "Ahmedabad",
      "whiteSpace" : false
    }, {
      "id" : "s0-t12",
      "begin" : 55,
      "end" : 56,
      "text" : "-",
      "whiteSpace" : false
    }, {
      "id" : "s0-t13",
      "begin" : 56,
      "end" : 63,
      "text" : "Udaipur",
      "whiteSpace" : false
    }, {
      "id" : "s0-t14",
      "begin" : 63,
      "end" : 64,
      "text" : "-",
      "whiteSpace" : false
    }, {
      "id" : "s0-t15",
      "begin" : 64,
      "end" : 70,
      "text" : "Jaipur",
      "whiteSpace" : false
    }, {
      "id" : "s0-t16",
      "begin" : 70,
      "end" : 71,
      "text" : "-",
      "whiteSpace" : false
    }, {
      "id" : "s0-t17",
      "begin" : 71,
      "end" : 76,
      "text" : "Delhi",
      "whiteSpace" : false
    }, {
      "id" : "s0-t18",
      "begin" : 77,
      "end" : 82,
      "text" : "route",
      "whiteSpace" : false
    }, {
      "id" : "s0-t19",
      "begin" : 82,
      "end" : 83,
      "text" : ".",
      "whiteSpace" : false
    } ]
  } ],
  "mentions" : [ {
    "id" : "s0-m1",
    "properties" : {
      "SIRE_MENTION_ROLE" : "Source",
      "SIRE_ENTITY_SUBTYPE" : "NONE",
      "SIRE_MENTION_TYPE" : "NONE",
      "SIRE_MENTION_CLASS" : "SPC"
    },
    "type" : "Source",
    "begin" : 24,
    "end" : 33,
    "inCoref" : false
  }, {
    "id" : "s0-m2",
    "properties" : {
      "SIRE_MENTION_ROLE" : "Destination",
      "SIRE_ENTITY_SUBTYPE" : "NONE",
      "SIRE_MENTION_TYPE" : "NONE",
      "SIRE_MENTION_CLASS" : "SPC"
    },
    "type" : "Destination",
    "begin" : 71,
    "end" : 76,
    "inCoref" : false
  } ],
  "relations" : [ ],
  "corefs" : [ ],
  "typeResolved" : true,
  "userResolved" : false
}