{
  "id" : "b0594ca0-5e7f-11e8-a10d-2f796ebff6dd-2",
  "name" : "doc3.txt",
  "createdDate" : 0,
  "version" : 3,
  "text" : "I am planning trip from Bangalore- Mangalore - Udupi - Gokarna - Karwar - Goa - Tarkarli - Kolhapur- Pune - Mumbai- Ahemedabad - Udaipur - Jaipur - Delhi",
  "docLength" : 0,
  "language" : "EN",
  "status" : "SUBMITTED",
  "modifiedDate" : 1527745320538,
  "documentSet" : [ ],
  "preannotation" : [ "PRE_RULE" ],
  "sentences" : [ {
    "id" : "s0",
    "begin" : 0,
    "end" : 153,
    "text" : "I am planning trip from Bangalore- Mangalore - Udupi - Gokarna - Karwar - Goa - Tarkarli - Kolhapur- Pune - Mumbai- Ahemedabad - Udaipur - Jaipur - Delhi",
    "tokens" : [ {
      "id" : "s0-t0",
      "begin" : 0,
      "end" : 1,
      "text" : "I",
      "whiteSpace" : false
    }, {
      "id" : "s0-t1",
      "begin" : 2,
      "end" : 4,
      "text" : "am",
      "whiteSpace" : false
    }, {
      "id" : "s0-t2",
      "begin" : 5,
      "end" : 13,
      "text" : "planning",
      "whiteSpace" : false
    }, {
      "id" : "s0-t3",
      "begin" : 14,
      "end" : 18,
      "text" : "trip",
      "whiteSpace" : false
    }, {
      "id" : "s0-t4",
      "begin" : 19,
      "end" : 23,
      "text" : "from",
      "whiteSpace" : false
    }, {
      "id" : "s0-t5",
      "begin" : 24,
      "end" : 33,
      "text" : "Bangalore",
      "whiteSpace" : false
    }, {
      "id" : "s0-t6",
      "begin" : 33,
      "end" : 34,
      "text" : "-",
      "whiteSpace" : false
    }, {
      "id" : "s0-t7",
      "begin" : 35,
      "end" : 44,
      "text" : "Mangalore",
      "whiteSpace" : false
    }, {
      "id" : "s0-t8",
      "begin" : 45,
      "end" : 46,
      "text" : "-",
      "whiteSpace" : false
    }, {
      "id" : "s0-t9",
      "begin" : 47,
      "end" : 52,
      "text" : "Udupi",
      "whiteSpace" : false
    }, {
      "id" : "s0-t10",
      "begin" : 53,
      "end" : 54,
      "text" : "-",
      "whiteSpace" : false
    }, {
      "id" : "s0-t11",
      "begin" : 55,
      "end" : 62,
      "text" : "Gokarna",
      "whiteSpace" : false
    }, {
      "id" : "s0-t12",
      "begin" : 63,
      "end" : 64,
      "text" : "-",
      "whiteSpace" : false
    }, {
      "id" : "s0-t13",
      "begin" : 65,
      "end" : 71,
      "text" : "Karwar",
      "whiteSpace" : false
    }, {
      "id" : "s0-t14",
      "begin" : 72,
      "end" : 73,
      "text" : "-",
      "whiteSpace" : false
    }, {
      "id" : "s0-t15",
      "begin" : 74,
      "end" : 77,
      "text" : "Goa",
      "whiteSpace" : false
    }, {
      "id" : "s0-t16",
      "begin" : 78,
      "end" : 79,
      "text" : "-",
      "whiteSpace" : false
    }, {
      "id" : "s0-t17",
      "begin" : 80,
      "end" : 88,
      "text" : "Tarkarli",
      "whiteSpace" : false
    }, {
      "id" : "s0-t18",
      "begin" : 89,
      "end" : 90,
      "text" : "-",
      "whiteSpace" : false
    }, {
      "id" : "s0-t19",
      "begin" : 91,
      "end" : 99,
      "text" : "Kolhapur",
      "whiteSpace" : false
    }, {
      "id" : "s0-t20",
      "begin" : 99,
      "end" : 100,
      "text" : "-",
      "whiteSpace" : false
    }, {
      "id" : "s0-t21",
      "begin" : 101,
      "end" : 105,
      "text" : "Pune",
      "whiteSpace" : false
    }, {
      "id" : "s0-t22",
      "begin" : 106,
      "end" : 107,
      "text" : "-",
      "whiteSpace" : false
    }, {
      "id" : "s0-t23",
      "begin" : 108,
      "end" : 114,
      "text" : "Mumbai",
      "whiteSpace" : false
    }, {
      "id" : "s0-t24",
      "begin" : 114,
      "end" : 115,
      "text" : "-",
      "whiteSpace" : false
    }, {
      "id" : "s0-t25",
      "begin" : 116,
      "end" : 126,
      "text" : "Ahemedabad",
      "whiteSpace" : false
    }, {
      "id" : "s0-t26",
      "begin" : 127,
      "end" : 128,
      "text" : "-",
      "whiteSpace" : false
    }, {
      "id" : "s0-t27",
      "begin" : 129,
      "end" : 136,
      "text" : "Udaipur",
      "whiteSpace" : false
    }, {
      "id" : "s0-t28",
      "begin" : 137,
      "end" : 138,
      "text" : "-",
      "whiteSpace" : false
    }, {
      "id" : "s0-t29",
      "begin" : 139,
      "end" : 145,
      "text" : "Jaipur",
      "whiteSpace" : false
    }, {
      "id" : "s0-t30",
      "begin" : 146,
      "end" : 147,
      "text" : "-",
      "whiteSpace" : false
    }, {
      "id" : "s0-t31",
      "begin" : 148,
      "end" : 153,
      "text" : "Delhi",
      "whiteSpace" : false
    } ]
  } ],
  "mentions" : [ {
    "id" : "s0-m4",
    "properties" : {
      "SIRE_MENTION_ROLE" : "Source",
      "SIRE_ENTITY_SUBTYPE" : "NONE",
      "SIRE_MENTION_TYPE" : "NONE",
      "SIRE_MENTION_CLASS" : "SPC"
    },
    "type" : "Source",
    "begin" : 24,
    "end" : 33,
    "inCoref" : false
  }, {
    "id" : "rulepre_2",
    "properties" : {
      "SIRE_ENTITY_SUBTYPE" : "NONE",
      "SIRE_MENTION_TYPE" : "NONE",
      "SIRE_MENTION_ROLE" : "Destination",
      "SIRE_MENTION_CLASS" : "SPC"
    },
    "type" : "Destination",
    "begin" : 146,
    "end" : 153,
    "inCoref" : false
  } ],
  "relations" : [ ],
  "corefs" : [ ],
  "typeResolved" : true,
  "userResolved" : false
}