{
  "id" : "b0594ca0-5e7f-11e8-a10d-2f796ebff6dd-0",
  "name" : "doc1.txt",
  "createdDate" : 0,
  "version" : 3,
  "text" : "I am planning trip from Agra-Delhi in 2013 March end.",
  "docLength" : 0,
  "language" : "EN",
  "status" : "SUBMITTED",
  "modifiedDate" : 1527745276433,
  "documentSet" : [ ],
  "preannotation" : [ "PRE_RULE" ],
  "sentences" : [ {
    "id" : "s0",
    "begin" : 0,
    "end" : 53,
    "text" : "I am planning trip from Agra-Delhi in 2013 March end.",
    "tokens" : [ {
      "id" : "s0-t0",
      "begin" : 0,
      "end" : 1,
      "text" : "I",
      "whiteSpace" : false
    }, {
      "id" : "s0-t1",
      "begin" : 2,
      "end" : 4,
      "text" : "am",
      "whiteSpace" : false
    }, {
      "id" : "s0-t2",
      "begin" : 5,
      "end" : 13,
      "text" : "planning",
      "whiteSpace" : false
    }, {
      "id" : "s0-t3",
      "begin" : 14,
      "end" : 18,
      "text" : "trip",
      "whiteSpace" : false
    }, {
      "id" : "s0-t4",
      "begin" : 19,
      "end" : 23,
      "text" : "from",
      "whiteSpace" : false
    }, {
      "id" : "s0-t5",
      "begin" : 24,
      "end" : 28,
      "text" : "Agra",
      "whiteSpace" : false
    }, {
      "id" : "s0-t6",
      "begin" : 28,
      "end" : 29,
      "text" : "-",
      "whiteSpace" : false
    }, {
      "id" : "s0-t7",
      "begin" : 29,
      "end" : 34,
      "text" : "Delhi",
      "whiteSpace" : false
    }, {
      "id" : "s0-t8",
      "begin" : 35,
      "end" : 37,
      "text" : "in",
      "whiteSpace" : false
    }, {
      "id" : "s0-t9",
      "begin" : 38,
      "end" : 42,
      "text" : "2013",
      "whiteSpace" : false
    }, {
      "id" : "s0-t10",
      "begin" : 43,
      "end" : 48,
      "text" : "March",
      "whiteSpace" : false
    }, {
      "id" : "s0-t11",
      "begin" : 49,
      "end" : 52,
      "text" : "end",
      "whiteSpace" : false
    }, {
      "id" : "s0-t12",
      "begin" : 52,
      "end" : 53,
      "text" : ".",
      "whiteSpace" : false
    } ]
  } ],
  "mentions" : [ {
    "id" : "s0-m3",
    "properties" : {
      "SIRE_MENTION_ROLE" : "Source",
      "SIRE_ENTITY_SUBTYPE" : "NONE",
      "SIRE_MENTION_TYPE" : "NONE",
      "SIRE_MENTION_CLASS" : "SPC"
    },
    "type" : "Source",
    "begin" : 24,
    "end" : 28,
    "inCoref" : false
  }, {
    "id" : "s0-m4",
    "properties" : {
      "SIRE_MENTION_ROLE" : "Destination",
      "SIRE_ENTITY_SUBTYPE" : "NONE",
      "SIRE_MENTION_TYPE" : "NONE",
      "SIRE_MENTION_CLASS" : "SPC"
    },
    "type" : "Destination",
    "begin" : 29,
    "end" : 34,
    "inCoref" : false
  } ],
  "relations" : [ ],
  "corefs" : [ ],
  "typeResolved" : true,
  "userResolved" : false
}